{
  "hash": "efcceed0",
  "configHash": "4f536c17",
  "lockfileHash": "9099f3bf",
  "browserHash": "2e6c3bb2",
  "optimized": {
    "@angular/core": {
      "src": "../../../../../../node_modules/@angular/core/fesm2022/core.mjs",
      "file": "@angular_core.js",
      "fileHash": "f29a6427",
      "needsInterop": false
    },
    "@angular/platform-browser": {
      "src": "../../../../../../node_modules/@angular/platform-browser/fesm2022/platform-browser.mjs",
      "file": "@angular_platform-browser.js",
      "fileHash": "1f5c9ad6",
      "needsInterop": false
    },
    "@angular/router": {
      "src": "../../../../../../node_modules/@angular/router/fesm2022/router.mjs",
      "file": "@angular_router.js",
      "fileHash": "663c603f",
      "needsInterop": false
    }
  },
  "chunks": {
    "chunk-KAMTPCKX": {
      "file": "chunk-KAMTPCKX.js"
    },
    "chunk-4EE5MXY4": {
      "file": "chunk-4EE5MXY4.js"
    }
  }
}